Name,SIN,Date of Birth
William Brown,057 761 059,06/16/1999
Gabriel Wise,278 122 835,03/16/1935
Alex Holmes,763 416 732,04/18/1979
Jeanette Ortega,378 916 168,05/03/1945
Edward Lam,119 250 567,10/14/1958
Samantha Lee,880 860 407,05/15/1964
Tanya Hunt,783 363 449,05/17/1958
Cory Rodriguez,934 851 360,06/17/1985
Michael Pope,479 957 331,09/29/1968
Anita Hardy,190 355 664,12/30/1992
Pamela Martin,425 185 676,07/08/1957
Christopher Estrada,162 465 780,11/18/1948
Michael Padilla,170 741 264,05/10/1980
Christina Espinoza,431 707 088,09/24/1986
James Brooks,988 021 385,02/15/1957
Kevin Kennedy,429 604 542,09/02/1981
Ethan Mosley,297 291 213,08/12/1970
Douglas Williams,326 542 418,12/08/1972
Alexander Mccarthy,615 295 840,04/03/1950
Mrs. Dawn Anderson,450 888 994,05/15/1936
Monica Ruiz,923 405 485,08/06/1961
Becky Spencer,939 676 944,07/24/1994
Deborah Price,081 953 558,02/20/1978
Laura Dean DDS,174 539 869,05/15/1954
Samantha Nguyen,215 046 359,06/07/1975
Ashley Wright,075 144 048,10/05/1951
Kayla Jones,738 810 062,10/03/1961
Deborah Nelson,521 359 915,11/21/1933
Patrick Cole,712 479 393,01/18/1992
Lawrence Joyce,641 431 107,07/19/2003
Mark Fletcher,213 562 944,10/12/1988
Amanda Stone,700 219 915,11/30/1938
Jill Acosta,034 215 112,08/26/1984
Tamara Perez,221 882 838,06/05/1959
Hannah Mathis,199 635 287,10/13/1995
Kristy White DVM,972 104 422,10/14/1991
Daniel Olson,715 481 072,02/28/1986
Mr. Kenneth Cox,739 438 803,06/15/1948
Hayley Johnson,489 199 458,04/22/1934
Matthew Kennedy,401 629 430,12/15/1939
Timothy Tran,058 714 644,11/05/1951
Angel Jacobs,747 717 157,04/14/1987
Eric Rivera,852 283 892,07/29/1945
April Lawrence,665 574 628,10/27/1933
Steven Brooks,386 119 357,08/26/2001
Erik Thomas,629 445 384,07/21/1962
Christopher Carrillo,649 556 881,11/05/1998
Scott Cervantes,591 865 684,02/26/1970
Colleen Stevens,474 515 305,05/21/1933
William Davila,011 217 058,03/23/2000
Samantha Johnson,432 537 450,02/13/2001
Christian Nichols,565 941 794,12/30/2002
Thomas Parker,009 932 895,03/05/1986
Spencer Thomas III,634 239 227,09/14/1940
Jorge Young,236 072 166,02/19/1979
Troy Sharp,147 968 579,04/16/1949
Jeffrey Matthews,061 232 711,02/05/1986
Sandra Clark,276 485 336,01/29/1954
Michael Jones,384 528 913,01/10/1938
Carl Matthews,306 589 912,08/22/1939
Dr. Jaime Frazier,444 352 849,12/13/1960
Jessica Hancock,029 541 092,06/26/1945
Jeffrey Russell,873 577 522,01/19/2000
Melinda Roberts,053 181 280,11/15/1958
Angel Torres,483 886 184,08/13/1944
Martha Taylor,498 084 325,11/09/1973
Meghan Craig,576 959 748,02/24/1974
David Bowman,681 507 176,06/14/1946
Jasmine Diaz,103 441 099,07/20/1967
Vanessa Wagner,220 645 912,04/29/1953
Eric Washington,524 929 724,03/08/1945
Kimberly Short,756 121 679,05/27/1951
Jeremy Hoffman,431 908 893,02/25/1938
Christine Hurst,799 938 668,01/05/1968
Brett Kim,455 667 147,06/18/1946
Tina Diaz,483 652 266,03/28/1946
Mary Galloway,556 380 713,09/15/1981
Randall Spence,248 564 374,01/17/1977
Danielle Price,379 187 799,09/18/1970
Alexander Brown,576 159 212,07/25/1993
Christopher Coleman,126 517 210,10/02/1933
Jon Ferguson,118 778 815,11/30/1985
Jeffery Galvan,266 072 482,08/12/1974
Lisa Davis,482 631 274,04/22/1979
Donald Jones,006 851 986,01/24/1959
Alejandro Bennett,960 341 831,08/01/1998
Andres Smith,773 737 447,11/23/1971
Nicole Hansen,555 619 973,12/24/1934
Ann Levy,479 470 621,02/03/1935
Angela Hall,694 260 990,04/30/1986
Sheena Huffman,314 581 403,10/17/1954
Kelly Thomas,697 544 156,02/16/1997
Mark Ball,383 015 424,10/28/1970
Olivia Ramirez,824 885 184,10/18/1995
Bradley Charles,017 065 119,02/07/1991
Amy Valencia,111 666 087,11/08/2003
Gina House,150 108 486,09/12/1985
Kelsey Moore,814 824 175,01/11/1967
Ryan Frederick,636 155 612,10/12/1962
Sherry James,531 733 409,04/27/1983
